{
    "organization" : {
        "name" : "RiskSense",
        "type" : "Inc",
        "building_number" : 4,
        "floating" : -17.4,
        "null_test": null,
        "boolean_test":true
    },
    "security_related" : true,
    "array_example0" : ["red", "green", "blue", "black"],
    "array_example1" : [1, "red", [{ "nested" : true}], { "obj" : false}],
    "demo_name":"Hello World",
    "firstName": "John",
    "lastName" :  "Smith",
    "isHuman" : true,
    "isTall": false,
    "array_example1" : [1, "test"],
    "fibs": [0,1,1,2, 3, "fibs", true],
    "profile": {
        "firstName": "Vanitha",
        "lastName" :  "Balakrishnan",
        "age": 20,
        "friends" : ["JOE",
            {
                "firstName": "Vanitha1",
                "lastName": "Balakrishnan1"
            }]
    }
}