<?xml version="1.0" encoding="UTF-8" standalone="no"?>
<object>
  <string name="firstName">John</string>
  <string name="lastName">Smith</string>
  <array name="array_example0">
    <string>red</string>
    <string>green</string>
    <string>blue</string>
    <string>black</string>
  </array>
  <array name="array_example1">
    <number>1</number>
    <string>test</string>
  </array>
  <string name="demo_name">Hello World</string>
  <object name="organization">
    <boolean name="boolean_test">true</boolean>
    <null name="null_test"/>
    <number name="floating">-17.4</number>
    <string name="name">RiskSense</string>
    <string name="type">Inc</string>
    <number name="building_number">4</number>
  </object>
  <object name="profile">
    <string name="firstName">Vanitha</string>
    <string name="lastName">Balakrishnan</string>
    <number name="age">20</number>
    <array name="friends">
      <string>JOE</string>
      <object>
        <string name="firstName">Vanitha1</string>
        <string name="lastName">Balakrishnan1</string>
      </object>
    </array>
  </object>
  <boolean name="security_related">true</boolean>
  <boolean name="isHuman">true</boolean>
  <array name="fibs">
    <number>0</number>
    <number>1</number>
    <number>1</number>
    <number>2</number>
    <number>3</number>
    <string>fibs</string>
    <boolean>true</boolean>
  </array>
  <boolean name="isTall">false</boolean>
</object>